<Viljestilkendegivelseserklaering xmlns:xsi="http://www.w3.org/2001/XMLSchema-instance" xmlns:xsd="http://www.w3.org/2001/XMLSchema">
	
	<ID>urn:uuid:333e4567-e89b-12d3-a456-426655440000</ID>

	<Attestation>
		<Format>digital_signatur</Format>
		<Underskriftstidspunkt>2022-06-01T12:22:06.0724725</Underskriftstidspunkt> <!--registreres af infrastrukturen når signatur angives digitalt. Ved manuel registrering skal den indtastes. eksempel er indført -->
		<ViljestilkendegiverID>urn:uuid:123e4567-e89b-12d3-a456-426655440000</ViljestilkendegiverID> <!--ID på den viljestilkendegivelsesaktør (se nedenfor) som har afgivet viljestilkendegivelse -->
		<DigitalSignatur>...</DigitalSignatur> <!-- Indeholder brugerens digitale signatur (XMLdSIG) fx genereret af NemLog-in signering -->
	</Attestation>

	<ErklaeringHeader>
		<Erklaeringsskabelon>http//digst.dk/samtykke/skabeloner/personoplysninger/</Erklaeringsskabelon>

		<Adgangspolitik>
			<Gruppe>digikoebingKommune</Gruppe>
			<Tilladelse>laes</Tilladelse>
		</Adgangspolitik>

		<Adgangspolitik>
			<Gruppe>digikoebingKommuneJobogFamilie</Gruppe>
			<Tilladelse>laes</Tilladelse>
			<Tilladelse>opret</Tilladelse>
			<Tilladelse>opdater</Tilladelse>
			<Tilladelse>slet</Tilladelse>
			<Tilladelse>opdater_body</Tilladelse>
			<Tilladelse>opdater_header</Tilladelse>
			<Tilladelse>opdater_signatur</Tilladelse>
		</Adgangspolitik>
		
		<Adgangspolitik>
			<Gruppe>Viljestilkendegiver</Gruppe>
			<Tilladelse>laes</Tilladelse>
			<Tilladelse>opdater</Tilladelse>
			<Tilladelse>opdater_body</Tilladelse>
			<Tilladelse>opdater_signatur</Tilladelse>
			<Tilladelse>tilbagekald</Tilladelse>
		</Adgangspolitik>

		<Administrator>
			<Administratorrolle>forretningsansvarlig</Administratorrolle>
			<Organisation>
					<Identifikator>
							<Vaerdi>6807115500826</Vaerdi>
							<Klassifikation>EAN</Klassifikation>
					</Identifikator>
			</Organisation>
		</Administrator>

		<Administrator>
			<Administratorrolle>rettighedstildeler</Administratorrolle>
			<Organisation>
					<Identifikator>
							<Vaerdi>11782812</Vaerdi>
							<Klassifikation>CVR</Klassifikation>
					</Identifikator>
					<Identifikator>
							<Vaerdi>234211782812</Vaerdi>
							<Klassifikation>SOR</Klassifikation>
					</Identifikator>
			</Organisation>
		</Administrator>

		<Aktoer>  <!-- Subjektet  -->
			<ID>urn:uuid:023e4567-e89b-12d3-a456-426655440000</ID>
			<PaakraevetSignatur>false</PaakraevetSignatur>
			<Aktoerrolle>viljestilkendegivelsessubjekt</Aktoerrolle>
			<Person>
				<Navn>Anna Jensen</Navn>
				<Identifikator>
						<Vaerdi>1208121234</Vaerdi>
						<Klassifikation>CPR</Klassifikation>
				</Identifikator>
			</Person>
		</Aktoer>
		
		<Aktoer>  <!-- viljestilkendegiveren / borgeren som har underskrevet erklæringen -->
			<ID>urn:uuid:123e4567-e89b-12d3-a456-426655440000</ID>
			<PaakraevetSignatur>true</PaakraevetSignatur>
			<Aktoerrolle>stedfortraedende_viljestilkendegiver</Aktoerrolle>
			<Person>
				<Navn>Peter Jensen</Navn>
				<Identifikator>
						<Vaerdi>1206801233</Vaerdi>
						<Klassifikation>CPR</Klassifikation>
				</Identifikator>
			</Person>
			<AttestererPaaVegneAf>urn:uuid:023e4567-e89b-12d3-a456-426655440000</AttestererPaaVegneAf>
			<Bemyndigelsestype>foraeldremyndighedsindehaver</Bemyndigelsestype>
		</Aktoer>
		
		<Aktoer> <!-- Rekvirenten som organisation -->
			<ID>urn:uuid:323e4567-e89b-12d3-a456-426655440000</ID>
			<PaakraevetSignatur>false</PaakraevetSignatur>
			<Aktoerrolle>viljetilkendegivelsesrekvirent</Aktoerrolle>
			<Organisation>
				<Identifikator>
						<Vaerdi>11782812</Vaerdi>
						<Klassifikation>CVR</Klassifikation>
				</Identifikator>
			</Organisation>
		</Aktoer>

		<Domaenekontekst>
			<LokalKontekst></LokalKontekst> <!--angives hvis der er behov for berigende information til erklæringen som ikke passer ind andre steder i erklæringsheaderen-->
				<Forvaltningshandling>
				<ForetrukkenTerm>G01. Generelle sager</ForetrukkenTerm>
				<Identifikator>
					<Vaerdi>27.69.24</Vaerdi>
					<Klassifikation>KLE Online Marts 2022</Klassifikation>
				</Identifikator>
			</Forvaltningshandling>

			<Sagskontekst>
				<Titel>Sag om Job og Familie indvisitering</Titel>
				<Identifikator>
					<Vaerdi>jfle3473-dcce-31c7-a4dc-16395242974b</Vaerdi>
					<Klassifikation>Digikøbing kommune SagsID</Klassifikation>
				</Identifikator>
			</Sagskontekst>
		</Domaenekontekst>

		<Erklaeringsmetadata>
			<Status>gaeldende</Status> <!--angives af infrastrukturen ved oprettelse og igennem livscyklus på erklæringen-->
			<Titel>Samtykke til indvisitering - Job og Familie</Titel>
			<GaeldendeFra>2022-06-01T12:22:06.0724725</GaeldendeFra> <!--det er underskriftstidspunktet der typisk er det tidspunkt hvorfra viljestilkendegivelsen gælder. Hvis viljestilkendegivelsen er afgivet mundtligt skal det inddtastes -->
			<Erstatter></Erstatter> <!--angives hvis erklæringen er en erstatning af en tidligere erklæring -->
			<ErstattetAf></ErstattetAf> <!--angives hvis erklæringen er erstattet af en ny erklæring-->
			<Noegleord>Personoplysninger</Noegleord>
			<Noegleord>samtykke</Noegleord>
			<Noegleord>indhentning</Noegleord>
			<Noegleord>deling</Noegleord>
		</Erklaeringsmetadata>
		<Viljestilkendegivelsestype>samtykke</Viljestilkendegivelsestype>
	</ErklaeringHeader>

	<ErklaeringBody>
		<ID>urn:uuid:521a4565-e89b-12d3-a456-426655440000</ID>

    <!-- Her kommer to alternative repræsentationer af, hvad brugeren har set og accepteret i brugerfladen -->
    <!-- Erklæringen indeholder to viljestilkendegivelser: en frabedelse og et samtykke -->
		<!--alternativ 1 "pdf-fil":
		<Erklaeringsobjekt>
			<Format>pdf</Format>
			<DokumentFil>1. Job og Familie - Samtykkeerklæring i forbindelse med indvisitering.pdf</DokumentFil>
		</Erklaeringsobjekt> -->

 <!--alternativ 2 "tekst":
		<Erklaeringsobjekt>
			<Format>tekst</Format>
			<Tekst>Jeg giver hermed mit samtykke til indhentning og behandling af oplysninger fra Børn og Familie samt Ungeenheden</Tekst>  
		</Erklaeringsobjekt>  -->
		
		<Erklaeringsobjekt>
			<Format>struktureret_data</Format>
				<Maskinlaesbartindhold>
					<StruktureretData></StruktureretData> <!-- Her kan viljestilkendegivelseserklæringen angives f.eks. i XML baseret på en skabelon -->
					<Stylesheet>https://digst.dk/samtykke/stylesheets/xyz123</Stylesheet>  <!-- udfyldes kun hvis format struktureret_data vælges -->
				</Maskinlaesbartindhold>
		</Erklaeringsobjekt>
		<BrugervendtPraesentation></BrugervendtPraesentation>		
	</ErklaeringBody>
	
</Viljestilkendegivelseserklaering>
